item_number,date,consumption
50040800100,2022-01-01,170
50040800100,2022-01-03,172
50040800100,2022-01-05,188
50040800100,2022-01-07,228
50040800100,2022-01-09,171
50040800100,2022-01-11,152
50040800100,2022-01-13,172
50040800100,2022-01-15,194
50040800100,2022-01-17,200
50040800100,2022-01-19,178
50040800100,2022-01-21,221
50040800100,2022-01-23,233
50040800100,2022-01-25,252
50040800100,2022-01-27,227
50040800100,2022-01-29,227
50040800100,2022-02-01,108
50040800100,2022-02-03,115
50040800100,2022-02-05,170
50040800100,2022-02-07,202
50040800100,2022-02-09,208
50040800100,2022-02-11,211
50040800100,2022-02-13,162
50040800100,2022-02-15,207
50040800100,2022-02-17,177
50040800100,2022-02-19,193
50040800100,2022-02-21,107
50040800100,2022-02-23,76
50040800100,2022-02-25,112
50040800100,2022-02-27,129
50040800100,2022-03-01,149
50040800100,2022-03-03,109
50040800100,2022-03-05,118
50040800100,2022-03-07,102
50040800100,2022-03-09,132
50040800100,2022-03-11,122
50040800100,2022-03-13,129
50040800100,2022-03-15,165
50040800100,2022-03-17,131
50040800100,2022-03-19,121
50040800100,2022-03-21,125
50040800100,2022-03-23,90
50040800100,2022-03-25,84
50040800100,2022-03-26,112
50040800100,2022-03-28,70
50040800100,2022-03-30,79
50040800100,2022-04-01,158
50040800100,2022-04-03,182
50040800100,2022-04-06,113
50040800100,2022-04-08,112
50040800100,2022-04-10,52
50040800100,2022-04-12,90
50040800100,2022-04-14,48
50040800100,2022-04-19,60
50040800100,2022-04-22,31
50040800100,2022-04-26,5
50040800100,2022-04-28,81
50040800100,2022-05-02,122
50040800100,2022-05-05,137
50040800100,2022-05-07,130
50040800100,2022-05-09,125
50040800100,2022-05-11,104
50040800100,2022-05-13,158
50040800100,2022-05-16,73
50040800100,2022-05-18,62
50040800100,2022-05-20,147
50040800100,2022-05-23,87
50040800100,2022-05-25,123
50040800100,2022-05-27,40
50040800100,2022-05-30,28
50040800100,2022-06-01,134
50040800100,2022-06-04,133
50040800100,2022-06-06,143
50040800100,2022-06-08,122
50040800100,2022-06-10,122
50040800100,2022-06-12,106
50040800100,2022-06-14,128
50040800100,2022-06-16,90
50040800100,2022-06-18,119
50040800100,2022-06-20,142
50040800100,2022-06-22,84
50040800100,2022-06-24,155
50040800100,2022-06-27,42
50040800100,2022-06-29,66
50040800100,2022-07-01,170
50040800100,2022-07-03,31
50040800100,2022-07-05,90
50040800100,2022-07-07,63
50040800100,2022-07-09,49
50040800100,2022-07-11,85
50040800100,2022-07-13,98
50040800100,2022-07-15,143
50040800100,2022-07-18,96
50040800100,2022-07-20,59
50040800100,2022-07-22,144
50040800100,2022-07-25,59
50040800100,2022-07-27,75
50040800100,2022-07-29,36
50040800100,2022-08-01,76
50040800100,2022-08-03,70
50040800100,2022-08-05,99
50040800100,2022-08-08,75
50040800100,2022-08-10,91
50040800100,2022-08-13,33
50040800100,2022-08-15,62
50040800100,2022-08-17,36
50040800100,2022-08-19,129
50040800100,2022-08-22,104
50040800100,2022-08-24,96
50040800100,2022-08-26,155
50040800100,2022-08-29,90
50040800100,2022-08-30,80
50040800100,2022-09-01,34
50040800100,2022-09-02,134
50040800100,2022-09-05,85
50040800100,2022-09-07,77
50040800100,2022-09-09,93
50040800100,2022-09-11,99
50040800100,2022-09-13,60
50040800100,2022-09-15,65
50040800100,2022-09-17,61
50040800100,2022-09-19,55
50040800100,2022-09-21,62
50040800100,2022-09-23,146
50040800100,2022-09-26,67
50040800100,2022-09-28,19
50040800100,2022-09-29,23
50040800100,2022-10-01,84
50040800100,2022-10-06,119
50040800100,2022-10-08,140
50040800100,2022-10-10,67
50040800100,2022-10-12,88
50040800100,2022-10-14,173
50040800100,2022-10-17,64
50040800100,2022-10-19,110
50040800100,2022-10-21,112
50040800100,2022-10-24,93
50040800100,2022-10-26,70
50040800100,2022-10-28,55
50040800100,2022-10-30,55
50040800100,2022-11-01,125
50040800100,2022-11-03,109
50040800100,2022-11-05,89
50040800100,2022-11-07,77
50040800100,2022-11-09,77
50040800100,2022-11-11,139
50040800100,2022-11-13,53
50040800100,2022-11-15,92
50040800100,2022-11-17,70
50040800100,2022-11-19,47
50040800100,2022-11-21,76
50040800100,2022-11-23,96
50040800100,2022-11-25,67
50040800100,2022-11-27,62
50040800100,2022-12-01,124
50040800100,2022-12-05,168
50040800100,2022-12-07,56
50040800100,2022-12-09,73
50040800100,2022-12-12,100
50040800100,2022-12-14,90
50040800100,2022-12-16,81
50040800100,2022-12-19,74
50040800100,2022-12-21,60
50040800100,2022-12-23,93
50040800100,2022-12-26,22
50040800100,2022-12-28,60
50040800100,2023-01-02,102
50040800100,2023-01-04,37
50040800100,2023-01-05,113
50040800100,2023-01-09,146
50040800100,2023-01-11,95
50040800100,2023-01-13,123
50040800100,2023-01-16,41
50040800100,2023-01-18,5
50040800100,2023-01-28,43
50040800100,2023-01-30,85
50040800100,2023-02-01,80
50040800100,2023-02-03,140
50040800100,2023-02-06,85
50040800100,2023-02-08,125
50040800100,2023-02-10,168
50040800100,2023-02-13,49
50040800100,2023-02-15,55
50040800100,2023-02-17,158
50040800100,2023-02-20,76
50040800100,2023-02-22,62
50040800100,2023-02-24,57
50040800100,2023-02-27,37
50040800100,2023-03-01,82
50040800100,2023-03-03,132
50040800100,2023-03-06,35
50040800100,2023-03-08,73
50040800100,2023-03-10,102
50040800100,2023-03-13,88
50040800100,2023-03-15,88
50040800100,2023-03-17,160
50040800100,2023-03-20,85
50040800100,2023-03-21,41
50040800100,2023-03-23,73
50040800100,2023-03-25,55
50040800100,2023-03-28,53
50040800100,2023-03-30,48
50040800100,2023-04-01,144
50040800100,2023-04-06,85
50040800100,2023-04-08,166
50040800100,2023-04-12,97
50040800100,2023-04-14,131
50040800100,2023-04-17,80
50040800100,2023-04-19,81
50040800100,2023-04-21,66
50040800100,2023-04-23,22
50040800100,2023-04-25,92
50040800100,2023-04-27,33
50040800100,2023-04-29,26
50040800100,2023-05-02,100
50040800100,2023-05-04,121
50040800100,2023-05-06,105
50040800100,2023-05-08,60
50040800100,2023-05-10,73
50040800100,2023-05-12,111
50040800100,2023-05-15,66
50040800100,2023-05-17,85
50040800100,2023-05-19,325
50040800100,2023-05-24,83
50040800100,2023-05-26,144
50040800100,2023-05-29,40
50040800100,2023-05-30,67
50040800100,2023-06-01,58
50040800100,2023-06-03,130
50040800100,2023-06-07,72
50040800100,2023-06-09,185
50040800100,2023-06-12,117
50040800100,2023-06-14,55
50040800100,2023-06-16,119
50040800100,2023-06-19,94
50040800100,2023-06-21,92
50040800100,2023-06-27,62
50040800100,2023-06-29,72
50040800100,2023-07-01,181
50040800100,2023-07-05,88
50040800100,2023-07-07,125
50040800100,2023-07-10,71
50040800100,2023-07-12,95
50040800100,2023-07-14,48
50040800100,2023-07-17,36
50040800100,2023-07-19,57
50040800100,2023-07-21,126
50040800100,2023-07-24,66
50040800100,2023-07-26,67
50040800100,2023-07-28,79
50040800100,2023-07-30,52
50040800100,2023-08-03,78
50040800100,2023-08-07,191
50040800100,2023-08-09,110
50040800100,2023-08-11,114
50040800100,2023-08-14,33
50040800100,2023-08-16,56
50040800100,2023-08-18,156
50040800100,2023-08-21,38
50040800100,2023-08-23,109
50040800100,2023-08-25,106
50040800100,2023-08-28,8
50040800100,2023-08-30,56
50040800100,2023-09-01,64
50040800100,2023-09-03,20
50040800100,2023-09-05,22
50040800100,2023-09-07,48
50040800100,2023-09-11,88
50040800100,2023-09-13,44
50040800100,2023-09-15,57
50040800100,2023-09-17,78
50040800100,2023-09-19,79
50040800100,2023-09-21,144
50040800100,2023-09-23,150
50040800100,2023-09-27,120
50040800100,2023-09-30,40
50040800100,2023-10-02,120
50040800100,2023-10-06,105
50040800100,2023-10-08,131
50040800100,2023-10-09,124
50040800100,2023-10-12,104
50040800100,2023-10-16,240
50040800100,2023-10-17,18
50040800100,2023-10-18,56
50040800100,2023-10-20,4
50040800100,2023-10-22,48
50040800100,2023-10-24,55
50040800100,2023-10-26,51
50040800100,2023-10-30,72
50040800100,2023-10-31,50
50060820106,2022-01-01,158
50060820106,2022-01-03,89
50060820106,2022-01-05,137
50060820106,2022-01-07,195
50060820106,2022-01-09,166
50060820106,2022-01-11,146
50060820106,2022-01-13,146
50060820106,2022-01-15,160
50060820106,2022-01-17,148
50060820106,2022-01-19,142
50060820106,2022-01-21,176
50060820106,2022-01-23,196
50060820106,2022-01-25,214
50060820106,2022-01-27,212
50060820106,2022-01-29,179
50060820106,2022-02-01,130
50060820106,2022-02-03,121
50060820106,2022-02-05,154
50060820106,2022-02-07,180
50060820106,2022-02-09,238
50060820106,2022-02-11,158
50060820106,2022-02-13,186
50060820106,2022-02-15,168
50060820106,2022-02-17,168
50060820106,2022-02-19,165
50060820106,2022-02-21,139
50060820106,2022-02-23,176
50060820106,2022-02-25,120
50060820106,2022-02-27,120
50060820106,2022-03-01,121
50060820106,2022-03-03,112
50060820106,2022-03-05,134
50060820106,2022-03-07,131
50060820106,2022-03-09,131
50060820106,2022-03-11,141
50060820106,2022-03-13,118
50060820106,2022-03-15,159
50060820106,2022-03-17,168
50060820106,2022-03-19,193
50060820106,2022-03-21,151
50060820106,2022-03-23,112
50060820106,2022-03-25,60
50060820106,2022-03-26,129
50060820106,2022-03-28,103
50060820106,2022-03-30,78
50060820106,2022-04-01,100
50060820106,2022-04-03,112
50060820106,2022-04-06,133
50060820106,2022-04-08,84
50060820106,2022-04-10,86
50060820106,2022-04-12,100
50060820106,2022-04-14,139
50060820106,2022-04-19,115
50060820106,2022-04-22,101
50060820106,2022-04-26,95
50060820106,2022-04-28,176
50060820106,2022-05-02,138
50060820106,2022-05-05,140
50060820106,2022-05-07,140
50060820106,2022-05-09,163
50060820106,2022-05-11,164
50060820106,2022-05-13,236
50060820106,2022-05-16,133
50060820106,2022-05-18,158
50060820106,2022-05-20,134
50060820106,2022-05-23,115
50060820106,2022-05-25,118
50060820106,2022-05-27,84
50060820106,2022-05-30,49
50060820106,2022-06-01,180
50060820106,2022-06-04,137
50060820106,2022-06-06,161
50060820106,2022-06-08,142
50060820106,2022-06-10,163
50060820106,2022-06-12,201
50060820106,2022-06-14,147
50060820106,2022-06-16,115
50060820106,2022-06-18,93
50060820106,2022-06-20,127
50060820106,2022-06-22,70
50060820106,2022-06-24,161
50060820106,2022-06-27,74
50060820106,2022-06-29,117
50060820106,2022-07-01,222
50060820106,2022-07-03,69
50060820106,2022-07-05,110
50060820106,2022-07-07,147
50060820106,2022-07-09,145
50060820106,2022-07-11,151
50060820106,2022-07-13,182
50060820106,2022-07-15,246
50060820106,2022-07-16,8
50060820106,2022-07-18,129
50060820106,2022-07-20,116
50060820106,2022-07-22,164
50060820106,2022-07-25,102
50060820106,2022-07-27,133
50060820106,2022-07-29,119
50060820106,2022-08-01,156
50060820106,2022-08-03,172
50060820106,2022-08-05,223
50060820106,2022-08-08,138
50060820106,2022-08-10,134
50060820106,2022-08-13,125
50060820106,2022-08-15,127
50060820106,2022-08-17,119
50060820106,2022-08-19,255
50060820106,2022-08-22,129
50060820106,2022-08-24,195
50060820106,2022-08-26,270
50060820106,2022-08-29,116
50060820106,2022-08-30,87
50060820106,2022-09-01,50
50060820106,2022-09-02,220
50060820106,2022-09-05,146
50060820106,2022-09-07,123
50060820106,2022-09-09,122
50060820106,2022-09-11,114
50060820106,2022-09-13,136
50060820106,2022-09-15,156
50060820106,2022-09-17,120
50060820106,2022-09-19,139
50060820106,2022-09-21,140
50060820106,2022-09-23,264
50060820106,2022-09-26,137
50060820106,2022-09-28,61
50060820106,2022-09-29,129
50060820106,2022-10-01,201
50060820106,2022-10-06,148
50060820106,2022-10-08,128
50060820106,2022-10-10,110
50060820106,2022-10-12,122
50060820106,2022-10-14,242
50060820106,2022-10-17,125
50060820106,2022-10-19,174
50060820106,2022-10-21,251
50060820106,2022-10-24,173
50060820106,2022-10-26,112
50060820106,2022-10-28,113
50060820106,2022-10-30,62
50060820106,2022-11-01,165
50060820106,2022-11-03,143
50060820106,2022-11-05,114
50060820106,2022-11-07,150
50060820106,2022-11-09,142
50060820106,2022-11-11,168
50060820106,2022-11-13,107
50060820106,2022-11-15,109
50060820106,2022-11-17,95
50060820106,2022-11-19,93
50060820106,2022-11-21,133
50060820106,2022-11-23,146
50060820106,2022-11-25,120
50060820106,2022-11-27,76
50060820106,2022-11-29,49
50060820106,2022-12-01,150
50060820106,2022-12-05,258
50060820106,2022-12-07,141
50060820106,2022-12-09,110
50060820106,2022-12-12,147
50060820106,2022-12-14,129
50060820106,2022-12-16,124
50060820106,2022-12-19,128
50060820106,2022-12-21,98
50060820106,2022-12-23,203
50060820106,2022-12-26,52
50060820106,2022-12-28,128
50060820106,2023-01-02,165
50060820106,2023-01-04,88
50060820106,2023-01-05,155
50060820106,2023-01-09,316
50060820106,2023-01-11,151
50060820106,2023-01-13,194
50060820106,2023-01-16,71
50060820106,2023-01-18,145
50060820106,2023-01-28,137
50060820106,2023-01-30,122
50060820106,2023-02-01,187
50060820106,2023-02-03,262
50060820106,2023-02-06,143
50060820106,2023-02-08,153
50060820106,2023-02-10,233
50060820106,2023-02-13,121
50060820106,2023-02-15,130
50060820106,2023-02-17,202
50060820106,2023-02-20,126
50060820106,2023-02-22,122
50060820106,2023-02-24,169
50060820106,2023-02-27,71
50060820106,2023-03-01,95
50060820106,2023-03-03,251
50060820106,2023-03-06,109
50060820106,2023-03-08,157
50060820106,2023-03-10,223
50060820106,2023-03-13,146
50060820106,2023-03-15,138
50060820106,2023-03-17,209
50060820106,2023-03-20,95
50060820106,2023-03-21,71
50060820106,2023-03-23,129
50060820106,2023-03-25,79
50060820106,2023-03-28,68
50060820106,2023-03-30,59
50060820106,2023-04-01,263
50060820106,2023-04-06,151
50060820106,2023-04-08,251
50060820106,2023-04-12,140
50060820106,2023-04-14,171
50060820106,2023-04-17,78
50060820106,2023-04-19,124
50060820106,2023-04-21,141
50060820106,2023-04-23,130
50060820106,2023-04-25,142
50060820106,2023-04-27,80
50060820106,2023-04-29,58
50060820106,2023-05-02,120
50060820106,2023-05-04,162
50060820106,2023-05-06,155
50060820106,2023-05-08,125
50060820106,2023-05-10,128
50060820106,2023-05-12,198
50060820106,2023-05-15,108
50060820106,2023-05-17,111
50060820106,2023-05-19,331
50060820106,2023-05-24,125
50060820106,2023-05-26,229
50060820106,2023-05-29,25
50060820106,2023-05-30,99
50060820106,2023-06-01,158
50060820106,2023-06-03,265
50060820106,2023-06-07,121
50060820106,2023-06-09,175
50060820106,2023-06-12,105
50060820106,2023-06-14,118
50060820106,2023-06-16,195
50060820106,2023-06-19,131
50060820106,2023-06-21,188
50060820106,2023-06-27,112
50060820106,2023-06-29,93
50060820106,2023-07-01,234
50060820106,2023-07-05,136
50060820106,2023-07-07,213
50060820106,2023-07-10,184
50060820106,2023-07-12,171
50060820106,2023-07-14,234
50060820106,2023-07-17,131
50060820106,2023-07-19,106
50060820106,2023-07-21,196
50060820106,2023-07-24,134
50060820106,2023-07-26,131
50060820106,2023-07-28,119
50060820106,2023-07-30,96
50060820106,2023-08-03,156
50060820106,2023-08-07,241
50060820106,2023-08-09,111
50060820106,2023-08-11,250
50060820106,2023-08-14,107
50060820106,2023-08-16,138
50060820106,2023-08-18,246
50060820106,2023-08-21,116
50060820106,2023-08-23,150
50060820106,2023-08-25,187
50060820106,2023-08-28,82
50060820106,2023-08-30,142
50060820106,2023-09-01,156
50060820106,2023-09-03,131
50060820106,2023-09-05,145
50060820106,2023-09-07,177
50060820106,2023-09-11,245
50060820106,2023-09-13,143
50060820106,2023-09-15,143
50060820106,2023-09-17,142
50060820106,2023-09-19,104
50060820106,2023-09-21,116
50060820106,2023-09-23,263
50060820106,2023-09-27,226
50060820106,2023-09-30,50
50060820106,2023-10-02,191
50060820106,2023-10-06,99
50060820106,2023-10-08,139
50060820106,2023-10-09,113
50060820106,2023-10-12,133
50060820106,2023-10-16,272
50060820106,2023-10-17,120
50060820106,2023-10-18,102
50060820106,2023-10-20,100
50060820106,2023-10-22,141
50060820106,2023-10-24,121
50060820106,2023-10-26,130
50060820106,2023-10-30,290
50060820106,2023-10-31,90
D30100558A,2022-01-01,8
D30100558A,2022-01-03,7
D30100558A,2022-01-05,10
D30100558A,2022-01-07,5
D30100558A,2022-01-09,8
D30100558A,2022-01-11,15
D30100558A,2022-01-13,5
D30100558A,2022-01-15,11
D30100558A,2022-01-17,12
D30100558A,2022-01-19,14
D30100558A,2022-01-21,7
D30100558A,2022-01-23,7
D30100558A,2022-01-25,6
D30100558A,2022-01-27,10
D30100558A,2022-01-29,11
D30100558A,2022-02-03,7
D30100558A,2022-02-05,8
D30100558A,2022-02-07,7
D30100558A,2022-02-09,9
D30100558A,2022-02-11,26
D30100558A,2022-02-13,7
D30100558A,2022-02-15,13
D30100558A,2022-02-17,11
D30100558A,2022-02-19,20
D30100558A,2022-02-21,6
D30100558A,2022-02-23,10
D30100558A,2022-02-25,10
D30100558A,2022-02-27,4
D30100558A,2022-03-01,6
D30100558A,2022-03-03,8
D30100558A,2022-03-05,6
D30100558A,2022-03-07,6
D30100558A,2022-03-09,14
D30100558A,2022-03-11,7
D30100558A,2022-03-13,10
D30100558A,2022-03-15,19
D30100558A,2022-03-17,15
D30100558A,2022-03-19,14
D30100558A,2022-03-21,9
D30100558A,2022-03-23,10
D30100558A,2022-03-25,3
D30100558A,2022-03-26,9
D30100558A,2022-03-28,7
D30100558A,2022-03-30,5
D30100558A,2022-04-01,16
D30100558A,2022-04-03,13
D30100558A,2022-04-06,13
D30100558A,2022-04-08,11
D30100558A,2022-04-10,7
D30100558A,2022-04-12,16
D30100558A,2022-04-14,2
D30100558A,2022-04-19,2
D30100558A,2022-04-22,1
D30100558A,2022-04-26,1
D30100558A,2022-04-28,9
D30100558A,2022-05-02,13
D30100558A,2022-05-05,17
D30100558A,2022-05-07,8
D30100558A,2022-05-09,10
D30100558A,2022-05-11,6
D30100558A,2022-05-13,11
D30100558A,2022-05-16,6
D30100558A,2022-05-18,5
D30100558A,2022-05-20,13
D30100558A,2022-05-23,6
D30100558A,2022-05-25,11
D30100558A,2022-05-27,2
D30100558A,2022-05-30,2
D30100558A,2022-06-01,16
D30100558A,2022-06-04,14
D30100558A,2022-06-06,14
D30100558A,2022-06-08,11
D30100558A,2022-06-10,7
D30100558A,2022-06-12,17
D30100558A,2022-06-14,13
D30100558A,2022-06-16,7
D30100558A,2022-06-18,10
D30100558A,2022-06-20,19
D30100558A,2022-06-22,10
D30100558A,2022-06-24,21
D30100558A,2022-06-27,6
D30100558A,2022-06-29,2
D30100558A,2022-07-01,25
D30100558A,2022-07-03,3
D30100558A,2022-07-05,13
D30100558A,2022-07-07,12
D30100558A,2022-07-09,5
D30100558A,2022-07-11,10
D30100558A,2022-07-13,15
D30100558A,2022-07-15,18
D30100558A,2022-07-18,17
D30100558A,2022-07-20,3
D30100558A,2022-07-22,17
D30100558A,2022-07-27,11
D30100558A,2022-07-29,12
D30100558A,2022-08-01,8
D30100558A,2022-08-03,6
D30100558A,2022-08-05,13
D30100558A,2022-08-08,5
D30100558A,2022-08-10,17
D30100558A,2022-08-13,6
D30100558A,2022-08-15,4
D30100558A,2022-08-17,4
D30100558A,2022-08-19,8
D30100558A,2022-08-22,7
D30100558A,2022-08-24,8
D30100558A,2022-08-26,19
D30100558A,2022-08-29,6
D30100558A,2022-08-30,10
D30100558A,2022-09-01,2
D30100558A,2022-09-02,18
D30100558A,2022-09-05,8
D30100558A,2022-09-07,1
D30100558A,2022-09-09,5
D30100558A,2022-09-11,6
D30100558A,2022-09-13,8
D30100558A,2022-09-15,1
D30100558A,2022-09-17,2
D30100558A,2022-09-19,5
D30100558A,2022-09-21,5
D30100558A,2022-09-23,14
D30100558A,2022-09-26,16
D30100558A,2022-09-28,2
D30100558A,2022-09-29,8
D30100558A,2022-10-01,9
D30100558A,2022-10-06,11
D30100558A,2022-10-08,6
D30100558A,2022-10-10,9
D30100558A,2022-10-12,8
D30100558A,2022-10-14,18
D30100558A,2022-10-17,11
D30100558A,2022-10-19,10
D30100558A,2022-10-21,17
D30100558A,2022-10-24,13
D30100558A,2022-10-26,6
D30100558A,2022-10-28,3
D30100558A,2022-10-30,5
D30100558A,2022-11-01,12
D30100558A,2022-11-03,9
D30100558A,2022-11-05,3
D30100558A,2022-11-07,11
D30100558A,2022-11-09,11
D30100558A,2022-11-11,4
D30100558A,2022-11-13,13
D30100558A,2022-11-15,6
D30100558A,2022-11-17,3
D30100558A,2022-11-19,4
D30100558A,2022-11-21,3
D30100558A,2022-11-23,10
D30100558A,2022-11-25,3
D30100558A,2022-11-27,4
D30100558A,2022-12-01,11
D30100558A,2022-12-05,17
D30100558A,2022-12-07,9
D30100558A,2022-12-09,6
D30100558A,2022-12-12,4
D30100558A,2022-12-14,9
D30100558A,2022-12-16,6
D30100558A,2022-12-19,6
D30100558A,2022-12-21,1
D30100558A,2022-12-23,19
D30100558A,2022-12-26,12
D30100558A,2022-12-28,5
D30100558A,2023-01-02,14
D30100558A,2023-01-04,1
D30100558A,2023-01-05,17
D30100558A,2023-01-09,19
D30100558A,2023-01-11,7
D30100558A,2023-01-13,9
D30100558A,2023-01-16,4
D30100558A,2023-01-18,5
D30100558A,2023-01-28,5
D30100558A,2023-01-30,7
D30100558A,2023-02-01,13
D30100558A,2023-02-03,18
D30100558A,2023-02-06,5
D30100558A,2023-02-08,7
D30100558A,2023-02-10,18
D30100558A,2023-02-13,4
D30100558A,2023-02-15,2
D30100558A,2023-02-17,15
D30100558A,2023-02-20,15
D30100558A,2023-02-22,9
D30100558A,2023-02-24,4
D30100558A,2023-03-01,8
D30100558A,2023-03-03,20
D30100558A,2023-03-06,7
D30100558A,2023-03-08,9
D30100558A,2023-03-10,10
D30100558A,2023-03-13,13
D30100558A,2023-03-17,11
D30100558A,2023-03-20,14
D30100558A,2023-03-21,2
D30100558A,2023-03-23,4
D30100558A,2023-03-25,7
D30100558A,2023-03-28,3
D30100558A,2023-03-30,1
D30100558A,2023-04-01,12
D30100558A,2023-04-06,11
D30100558A,2023-04-08,16
D30100558A,2023-04-12,13
D30100558A,2023-04-14,14
D30100558A,2023-04-17,11
D30100558A,2023-04-19,12
D30100558A,2023-04-21,6
D30100558A,2023-04-23,4
D30100558A,2023-04-25,6
D30100558A,2023-04-29,1
D30100558A,2023-05-02,5
D30100558A,2023-05-04,10
D30100558A,2023-05-06,12
D30100558A,2023-05-08,5
D30100558A,2023-05-10,8
D30100558A,2023-05-12,22
D30100558A,2023-05-15,7
D30100558A,2023-05-17,6
D30100558A,2023-05-19,37
D30100558A,2023-05-24,13
D30100558A,2023-05-26,10
D30100558A,2023-05-29,6
D30100558A,2023-05-30,6
D30100558A,2023-06-01,2
D30100558A,2023-06-03,12
D30100558A,2023-06-07,16
D30100558A,2023-06-09,18
D30100558A,2023-06-12,11
D30100558A,2023-06-14,10
D30100558A,2023-06-16,9
D30100558A,2023-06-19,13
D30100558A,2023-06-21,4
D30100558A,2023-06-27,13
D30100558A,2023-06-29,6
D30100558A,2023-07-01,17
D30100558A,2023-07-05,11
D30100558A,2023-07-07,14
D30100558A,2023-07-10,15
D30100558A,2023-07-12,9
D30100558A,2023-07-14,9
D30100558A,2023-07-17,6
D30100558A,2023-07-19,3
D30100558A,2023-07-21,23
D30100558A,2023-07-24,13
D30100558A,2023-07-26,9
D30100558A,2023-07-28,4
D30100558A,2023-07-30,5
D30100558A,2023-08-03,8
D30100558A,2023-08-07,16
D30100558A,2023-08-09,16
D30100558A,2023-08-11,9
D30100558A,2023-08-14,1
D30100558A,2023-08-16,7
D30100558A,2023-08-18,14
D30100558A,2023-08-21,11
D30100558A,2023-08-23,5
D30100558A,2023-08-25,11
D30100558A,2023-08-28,10
D30100558A,2023-08-30,12
D30100558A,2023-09-01,2
D30100558A,2023-09-07,13
D30100558A,2023-09-11,17
D30100558A,2023-09-13,7
D30100558A,2023-09-15,2
D30100558A,2023-09-19,5
D30100558A,2023-09-21,7
D30100558A,2023-09-23,18
D30100558A,2023-09-27,21
D30100558A,2023-09-30,8
D30100558A,2023-10-02,8
D30100558A,2023-10-06,4
D30100558A,2023-10-08,13
D30100558A,2023-10-09,11
D30100558A,2023-10-12,12
D30100558A,2023-10-16,22
D30100558A,2023-10-17,12
D30100558A,2023-10-18,4
D30100558A,2023-10-20,10
D30100558A,2023-10-22,2
D30100558A,2023-10-24,5
D30100558A,2023-10-26,8
D30100558A,2023-10-30,25
D30100558A,2023-10-31,10
D30200678,2022-01-01,167
D30200678,2022-01-03,147
D30200678,2022-01-05,152
D30200678,2022-01-07,161
D30200678,2022-01-09,211
D30200678,2022-01-11,161
D30200678,2022-01-13,132
D30200678,2022-01-15,202
D30200678,2022-01-17,129
D30200678,2022-01-19,185
D30200678,2022-01-21,206
D30200678,2022-01-23,222
D30200678,2022-01-25,238
D30200678,2022-01-27,201
D30200678,2022-01-29,207
D30200678,2022-02-01,130
D30200678,2022-02-03,105
D30200678,2022-02-05,142
D30200678,2022-02-07,157
D30200678,2022-02-09,206
D30200678,2022-02-11,171
D30200678,2022-02-13,186
D30200678,2022-02-15,171
D30200678,2022-02-17,171
D30200678,2022-02-19,207
D30200678,2022-02-21,156
D30200678,2022-02-23,150
D30200678,2022-02-25,135
D30200678,2022-02-27,129
D30200678,2022-03-01,138
D30200678,2022-03-03,146
D30200678,2022-03-05,150
D30200678,2022-03-07,204
D30200678,2022-03-09,119
D30200678,2022-03-11,127
D30200678,2022-03-13,98
D30200678,2022-03-15,175
D30200678,2022-03-17,226
D30200678,2022-03-19,282
D30200678,2022-03-21,225
D30200678,2022-03-23,175
D30200678,2022-03-25,78
D30200678,2022-03-26,126
D30200678,2022-03-28,97
D30200678,2022-03-30,120
D30200678,2022-04-01,186
D30200678,2022-04-03,146
D30200678,2022-04-06,160
D30200678,2022-04-08,139
D30200678,2022-04-10,103
D30200678,2022-04-12,96
D30200678,2022-04-14,106
D30200678,2022-04-19,80
D30200678,2022-04-22,87
D30200678,2022-04-26,53
D30200678,2022-04-28,94
D30200678,2022-05-02,68
D30200678,2022-05-05,126
D30200678,2022-05-07,103
D30200678,2022-05-09,135
D30200678,2022-05-11,88
D30200678,2022-05-13,140
D30200678,2022-05-16,97
D30200678,2022-05-18,97
D30200678,2022-05-20,65
D30200678,2022-05-23,68
D30200678,2022-05-25,78
D30200678,2022-05-27,67
D30200678,2022-05-30,24
D30200678,2022-06-01,134
D30200678,2022-06-04,164
D30200678,2022-06-06,141
D30200678,2022-06-08,111
D30200678,2022-06-10,126
D30200678,2022-06-12,135
D30200678,2022-06-14,155
D30200678,2022-06-16,124
D30200678,2022-06-18,161
D30200678,2022-06-20,187
D30200678,2022-06-22,141
D30200678,2022-06-24,202
D30200678,2022-06-27,101
D30200678,2022-06-29,86
D30200678,2022-06-30,50
D30200678,2022-07-01,230
D30200678,2022-07-03,100
D30200678,2022-07-05,143
D30200678,2022-07-07,181
D30200678,2022-07-09,153
D30200678,2022-07-11,182
D30200678,2022-07-13,174
D30200678,2022-07-15,246
D30200678,2022-07-18,124
D30200678,2022-07-20,154
D30200678,2022-07-22,250
D30200678,2022-07-25,174
D30200678,2022-07-27,149
D30200678,2022-07-29,151
D30200678,2022-08-01,126
D30200678,2022-08-03,153
D30200678,2022-08-05,244
D30200678,2022-08-08,146
D30200678,2022-08-10,146
D30200678,2022-08-13,126
D30200678,2022-08-15,95
D30200678,2022-08-17,67
D30200678,2022-08-19,177
D30200678,2022-08-22,126
D30200678,2022-08-24,137
D30200678,2022-08-26,176
D30200678,2022-08-29,66
D30200678,2022-08-30,82
D30200678,2022-09-01,52
D30200678,2022-09-02,162
D30200678,2022-09-05,115
D30200678,2022-09-07,157
D30200678,2022-09-09,130
D30200678,2022-09-11,150
D30200678,2022-09-13,127
D30200678,2022-09-15,157
D30200678,2022-09-17,87
D30200678,2022-09-19,102
D30200678,2022-09-21,108
D30200678,2022-09-23,175
D30200678,2022-09-26,149
D30200678,2022-09-28,65
D30200678,2022-09-29,109
D30200678,2022-10-01,173
D30200678,2022-10-06,104
D30200678,2022-10-08,114
D30200678,2022-10-10,110
D30200678,2022-10-12,126
D30200678,2022-10-14,213
D30200678,2022-10-17,84
D30200678,2022-10-19,139
D30200678,2022-10-21,195
D30200678,2022-10-24,106
D30200678,2022-10-26,96
D30200678,2022-10-28,64
D30200678,2022-10-30,60
D30200678,2022-11-01,135
D30200678,2022-11-03,115
D30200678,2022-11-05,93
D30200678,2022-11-07,106
D30200678,2022-11-09,108
D30200678,2022-11-11,134
D30200678,2022-11-13,99
D30200678,2022-11-15,140
D30200678,2022-11-17,79
D30200678,2022-11-19,75
D30200678,2022-11-21,80
D30200678,2022-11-23,71
D30200678,2022-11-25,91
D30200678,2022-11-27,67
D30200678,2022-11-29,25
D30200678,2022-12-01,95
D30200678,2022-12-05,236
D30200678,2022-12-07,129
D30200678,2022-12-09,79
D30200678,2022-12-12,92
D30200678,2022-12-14,114
D30200678,2022-12-16,83
D30200678,2022-12-19,91
D30200678,2022-12-21,103
D30200678,2022-12-23,162
D30200678,2022-12-26,78
D30200678,2022-12-28,86
D30200678,2023-01-02,166
D30200678,2023-01-04,66
D30200678,2023-01-05,139
D30200678,2023-01-09,189
D30200678,2023-01-11,113
D30200678,2023-01-13,167
D30200678,2023-01-16,97
D30200678,2023-01-18,143
D30200678,2023-01-28,88
D30200678,2023-01-30,108
D30200678,2023-02-01,143
D30200678,2023-02-03,182
D30200678,2023-02-06,127
D30200678,2023-02-08,106
D30200678,2023-02-10,207
D30200678,2023-02-13,122
D30200678,2023-02-15,128
D30200678,2023-02-17,173
D30200678,2023-02-20,105
D30200678,2023-02-22,104
D30200678,2023-02-24,94
D30200678,2023-02-27,77
D30200678,2023-03-01,86
D30200678,2023-03-03,202
D30200678,2023-03-06,110
D30200678,2023-03-08,102
D30200678,2023-03-10,144
D30200678,2023-03-13,132
D30200678,2023-03-15,113
D30200678,2023-03-17,164
D30200678,2023-03-20,77
D30200678,2023-03-21,44
D30200678,2023-03-23,38
D30200678,2023-03-25,68
D30200678,2023-03-28,73
D30200678,2023-03-30,35
D30200678,2023-04-01,218
D30200678,2023-04-06,93
D30200678,2023-04-08,196
D30200678,2023-04-12,122
D30200678,2023-04-14,169
D30200678,2023-04-17,98
D30200678,2023-04-19,122
D30200678,2023-04-21,102
D30200678,2023-04-23,98
D30200678,2023-04-25,85
D30200678,2023-04-27,66
D30200678,2023-04-29,39
D30200678,2023-05-02,80
D30200678,2023-05-04,100
D30200678,2023-05-06,140
D30200678,2023-05-08,96
D30200678,2023-05-10,66
D30200678,2023-05-12,165
D30200678,2023-05-15,148
D30200678,2023-05-17,104
D30200678,2023-05-19,305
D30200678,2023-05-24,107
D30200678,2023-05-26,148
D30200678,2023-05-29,8
D30200678,2023-05-30,31
D30200678,2023-06-01,102
D30200678,2023-06-03,208
D30200678,2023-06-07,105
D30200678,2023-06-09,175
D30200678,2023-06-12,103
D30200678,2023-06-14,107
D30200678,2023-06-16,182
D30200678,2023-06-19,118
D30200678,2023-06-21,102
D30200678,2023-06-27,113
D30200678,2023-06-29,109
D30200678,2023-07-01,303
D30200678,2023-07-05,135
D30200678,2023-07-07,166
D30200678,2023-07-10,126
D30200678,2023-07-12,151
D30200678,2023-07-14,161
D30200678,2023-07-17,95
D30200678,2023-07-19,86
D30200678,2023-07-21,245
D30200678,2023-07-24,185
D30200678,2023-07-26,135
D30200678,2023-07-28,141
D30200678,2023-07-30,124
D30200678,2023-08-03,120
D30200678,2023-08-07,215
D30200678,2023-08-09,130
D30200678,2023-08-11,151
D30200678,2023-08-14,85
D30200678,2023-08-16,119
D30200678,2023-08-18,203
D30200678,2023-08-21,95
D30200678,2023-08-23,151
D30200678,2023-08-25,166
D30200678,2023-08-28,82
D30200678,2023-08-30,148
D30200678,2023-09-01,167
D30200678,2023-09-03,113
D30200678,2023-09-05,112
D30200678,2023-09-07,137
D30200678,2023-09-11,189
D30200678,2023-09-13,117
D30200678,2023-09-15,111
D30200678,2023-09-17,93
D30200678,2023-09-19,101
D30200678,2023-09-21,130
D30200678,2023-09-23,336
D30200678,2023-09-27,244
D30200678,2023-09-30,30
D30200678,2023-10-02,145
D30200678,2023-10-06,138
D30200678,2023-10-08,168
D30200678,2023-10-09,155
D30200678,2023-10-12,175
D30200678,2023-10-16,298
D30200678,2023-10-17,120
D30200678,2023-10-18,69
D30200678,2023-10-20,54
D30200678,2023-10-22,83
D30200678,2023-10-24,146
D30200678,2023-10-26,136
D30200678,2023-10-30,333
D30200678,2023-10-31,180
D30200679,2022-01-01,40
D30200679,2022-01-03,27
D30200679,2022-01-05,41
D30200679,2022-01-07,46
D30200679,2022-01-09,35
D30200679,2022-01-11,38
D30200679,2022-01-13,44
D30200679,2022-01-15,43
D30200679,2022-01-17,46
D30200679,2022-01-19,32
D30200679,2022-01-21,35
D30200679,2022-01-23,40
D30200679,2022-01-25,36
D30200679,2022-01-27,36
D30200679,2022-01-29,37
D30200679,2022-02-01,29
D30200679,2022-02-03,21
D30200679,2022-02-05,33
D30200679,2022-02-07,41
D30200679,2022-02-09,48
D30200679,2022-02-11,18
D30200679,2022-02-13,42
D30200679,2022-02-15,47
D30200679,2022-02-17,54
D30200679,2022-02-19,52
D30200679,2022-02-21,30
D30200679,2022-02-23,19
D30200679,2022-02-25,30
D30200679,2022-02-27,47
D30200679,2022-03-01,49
D30200679,2022-03-03,26
D30200679,2022-03-05,31
D30200679,2022-03-07,36
D30200679,2022-03-09,37
D30200679,2022-03-11,38
D30200679,2022-03-13,48
D30200679,2022-03-15,35
D30200679,2022-03-17,36
D30200679,2022-03-19,45
D30200679,2022-03-21,38
D30200679,2022-03-23,35
D30200679,2022-03-25,20
D30200679,2022-03-26,50
D30200679,2022-03-28,32
D30200679,2022-03-30,56
D30200679,2022-04-01,50
D30200679,2022-04-03,63
D30200679,2022-04-06,30
D30200679,2022-04-08,38
D30200679,2022-04-10,26
D30200679,2022-04-12,40
D30200679,2022-04-14,34
D30200679,2022-04-19,15
D30200679,2022-04-22,22
D30200679,2022-04-26,7
D30200679,2022-04-28,30
D30200679,2022-05-02,17
D30200679,2022-05-05,39
D30200679,2022-05-07,23
D30200679,2022-05-09,17
D30200679,2022-05-11,16
D30200679,2022-05-13,49
D30200679,2022-05-16,28
D30200679,2022-05-18,41
D30200679,2022-05-20,39
D30200679,2022-05-23,32
D30200679,2022-05-25,29
D30200679,2022-05-27,33
D30200679,2022-05-30,17
D30200679,2022-06-01,42
D30200679,2022-06-04,66
D30200679,2022-06-06,59
D30200679,2022-06-08,58
D30200679,2022-06-10,39
D30200679,2022-06-12,45
D30200679,2022-06-14,37
D30200679,2022-06-16,34
D30200679,2022-06-18,29
D30200679,2022-06-20,42
D30200679,2022-06-22,20
D30200679,2022-06-24,58
D30200679,2022-06-27,10
D30200679,2022-06-29,28
D30200679,2022-06-30,50
D30200679,2022-07-01,63
D30200679,2022-07-03,2
D30200679,2022-07-05,20
D30200679,2022-07-07,36
D30200679,2022-07-09,26
D30200679,2022-07-11,37
D30200679,2022-07-13,22
D30200679,2022-07-15,42
D30200679,2022-07-18,22
D30200679,2022-07-20,22
D30200679,2022-07-22,67
D30200679,2022-07-25,13
D30200679,2022-07-27,28
D30200679,2022-07-29,18
D30200679,2022-08-01,24
D30200679,2022-08-03,35
D30200679,2022-08-05,73
D30200679,2022-08-08,19
D30200679,2022-08-10,26
D30200679,2022-08-13,28
D30200679,2022-08-15,28
D30200679,2022-08-17,21
D30200679,2022-08-19,48
D30200679,2022-08-22,31
D30200679,2022-08-24,24
D30200679,2022-08-26,57
D30200679,2022-08-29,17
D30200679,2022-08-30,14
D30200679,2022-09-01,6
D30200679,2022-09-02,72
D30200679,2022-09-05,22
D30200679,2022-09-07,30
D30200679,2022-09-09,25
D30200679,2022-09-11,35
D30200679,2022-09-13,22
D30200679,2022-09-15,17
D30200679,2022-09-17,21
D30200679,2022-09-19,42
D30200679,2022-09-21,48
D30200679,2022-09-23,59
D30200679,2022-09-26,13
D30200679,2022-09-28,9
D30200679,2022-09-29,34
D30200679,2022-10-01,58
D30200679,2022-10-06,32
D30200679,2022-10-08,32
D30200679,2022-10-10,31
D30200679,2022-10-12,28
D30200679,2022-10-14,86
D30200679,2022-10-17,25
D30200679,2022-10-19,69
D30200679,2022-10-21,48
D30200679,2022-10-24,17
D30200679,2022-10-26,21
D30200679,2022-10-28,19
D30200679,2022-10-30,20
D30200679,2022-11-01,41
D30200679,2022-11-03,37
D30200679,2022-11-05,48
D30200679,2022-11-07,46
D30200679,2022-11-09,30
D30200679,2022-11-11,32
D30200679,2022-11-13,27
D30200679,2022-11-15,18
D30200679,2022-11-17,17
D30200679,2022-11-19,27
D30200679,2022-11-21,25
D30200679,2022-11-23,30
D30200679,2022-11-25,22
D30200679,2022-11-27,16
D30200679,2022-11-29,4
D30200679,2022-12-01,32
D30200679,2022-12-05,49
D30200679,2022-12-07,21
D30200679,2022-12-09,20
D30200679,2022-12-12,21
D30200679,2022-12-14,28
D30200679,2022-12-16,27
D30200679,2022-12-19,24
D30200679,2022-12-21,10
D30200679,2022-12-23,26
D30200679,2022-12-28,14
D30200679,2023-01-02,36
D30200679,2023-01-04,10
D30200679,2023-01-05,40
D30200679,2023-01-09,53
D30200679,2023-01-11,27
D30200679,2023-01-13,58
D30200679,2023-01-16,26
D30200679,2023-01-18,36
D30200679,2023-01-28,25
D30200679,2023-01-30,15
D30200679,2023-02-01,28
D30200679,2023-02-03,54
D30200679,2023-02-06,22
D30200679,2023-02-08,39
D30200679,2023-02-10,50
D30200679,2023-02-13,17
D30200679,2023-02-15,30
D30200679,2023-02-17,50
D30200679,2023-02-20,22
D30200679,2023-02-22,22
D30200679,2023-02-24,16
D30200679,2023-02-27,11
D30200679,2023-03-01,26
D30200679,2023-03-03,57
D30200679,2023-03-06,21
D30200679,2023-03-08,30
D30200679,2023-03-10,60
D30200679,2023-03-13,9
D30200679,2023-03-15,39
D30200679,2023-03-17,50
D30200679,2023-03-20,22
D30200679,2023-03-21,1
D30200679,2023-03-23,34
D30200679,2023-03-25,30
D30200679,2023-03-28,35
D30200679,2023-03-30,18
D30200679,2023-04-01,46
D30200679,2023-04-06,35
D30200679,2023-04-08,56
D30200679,2023-04-12,33
D30200679,2023-04-14,49
D30200679,2023-04-17,22
D30200679,2023-04-19,26
D30200679,2023-04-21,26
D30200679,2023-04-23,33
D30200679,2023-04-25,22
D30200679,2023-04-27,35
D30200679,2023-04-29,24
D30200679,2023-05-02,35
D30200679,2023-05-04,41
D30200679,2023-05-06,37
D30200679,2023-05-08,24
D30200679,2023-05-10,28
D30200679,2023-05-12,45
D30200679,2023-05-15,18
D30200679,2023-05-17,25
D30200679,2023-05-19,64
D30200679,2023-05-24,39
D30200679,2023-05-26,54
D30200679,2023-05-29,10
D30200679,2023-05-30,22
D30200679,2023-06-01,28
D30200679,2023-06-03,75
D30200679,2023-06-07,30
D30200679,2023-06-09,60
D30200679,2023-06-12,17
D30200679,2023-06-14,10
D30200679,2023-06-16,58
D30200679,2023-06-19,22
D30200679,2023-06-21,30
D30200679,2023-06-27,33
D30200679,2023-06-29,20
D30200679,2023-07-01,60
D30200679,2023-07-05,34
D30200679,2023-07-07,52
D30200679,2023-07-10,35
D30200679,2023-07-12,30
D30200679,2023-07-14,60
D30200679,2023-07-17,14
D30200679,2023-07-19,28
D30200679,2023-07-21,56
D30200679,2023-07-24,24
D30200679,2023-07-26,32
D30200679,2023-07-28,32
D30200679,2023-07-30,42
D30200679,2023-08-03,36
D30200679,2023-08-07,67
D30200679,2023-08-09,33
D30200679,2023-08-11,62
D30200679,2023-08-14,16
D30200679,2023-08-16,27
D30200679,2023-08-18,75
D30200679,2023-08-21,10
D30200679,2023-08-23,30
D30200679,2023-08-25,60
D30200679,2023-08-28,20
D30200679,2023-08-30,25
D30200679,2023-09-01,39
D30200679,2023-09-03,40
D30200679,2023-09-05,27
D30200679,2023-09-07,40
D30200679,2023-09-11,63
D30200679,2023-09-13,42
D30200679,2023-09-15,36
D30200679,2023-09-17,44
D30200679,2023-09-19,16
D30200679,2023-09-21,32
D30200679,2023-09-23,81
D30200679,2023-09-27,37
D30200679,2023-09-30,40
D30200679,2023-10-02,33
D30200679,2023-10-06,20
D30200679,2023-10-08,37
D30200679,2023-10-09,36
D30200679,2023-10-12,42
D30200679,2023-10-16,87
D30200679,2023-10-17,10
D30200679,2023-10-18,23
D30200679,2023-10-20,11
D30200679,2023-10-22,31
D30200679,2023-10-24,28
D30200679,2023-10-26,37
D30200679,2023-10-30,32
D30200679,2023-10-31,100
D30200680,2022-01-01,16
D30200680,2022-01-03,11
D30200680,2022-01-05,10
D30200680,2022-01-07,11
D30200680,2022-01-09,16
D30200680,2022-01-11,15
D30200680,2022-01-13,11
D30200680,2022-01-15,8
D30200680,2022-01-17,13
D30200680,2022-01-19,9
D30200680,2022-01-21,4
D30200680,2022-01-23,9
D30200680,2022-01-25,9
D30200680,2022-01-27,8
D30200680,2022-01-29,9
D30200680,2022-02-01,12
D30200680,2022-02-03,17
D30200680,2022-02-05,5
D30200680,2022-02-07,2
D30200680,2022-02-09,7
D30200680,2022-02-11,9
D30200680,2022-02-13,8
D30200680,2022-02-15,2
D30200680,2022-02-19,3
D30200680,2022-02-23,2
D30200680,2022-02-25,2
D30200680,2022-03-01,2
D30200680,2022-03-03,14
D30200680,2022-03-05,2
D30200680,2022-03-07,5
D30200680,2022-03-11,3
D30200680,2022-03-13,6
D30200680,2022-03-15,2
D30200680,2022-03-17,6
D30200680,2022-03-19,2
D30200680,2022-03-21,3
D30200680,2022-03-23,1
D30200680,2022-03-25,2
D30200680,2022-03-26,8
D30200680,2022-03-28,13
D30200680,2022-03-30,23
D30200680,2022-04-01,10
D30200680,2022-04-03,28
D30200680,2022-04-06,5
D30200680,2022-04-08,8
D30200680,2022-04-22,23
D30200680,2022-04-26,9
D30200680,2022-04-28,7
D30200680,2022-05-02,15
D30200680,2022-05-05,8
D30200680,2022-05-09,4
D30200680,2022-05-11,1
D30200680,2022-05-13,3
D30200680,2022-05-20,3
D30200680,2022-05-23,7
D30200680,2022-05-25,4
D30200680,2022-05-27,3
D30200680,2022-05-30,8
D30200680,2022-06-01,10
D30200680,2022-06-04,8
D30200680,2022-06-08,1
D30200680,2022-06-10,2
D30200680,2022-06-12,2
D30200680,2022-06-14,9
D30200680,2022-06-16,11
D30200680,2022-06-18,10
D30200680,2022-06-20,8
D30200680,2022-06-22,18
D30200680,2022-06-24,13
D30200680,2022-06-27,10
D30200680,2022-06-29,9
D30200680,2022-07-01,22
D30200680,2022-07-03,6
D30200680,2022-07-05,8
D30200680,2022-07-07,12
D30200680,2022-07-09,10
D30200680,2022-07-11,10
D30200680,2022-07-13,14
D30200680,2022-07-15,21
D30200680,2022-07-18,8
D30200680,2022-07-20,20
D30200680,2022-07-22,32
D30200680,2022-07-25,12
D30200680,2022-07-27,10
D30200680,2022-07-29,17
D30200680,2022-08-01,5
D30200680,2022-08-03,11
D30200680,2022-08-05,9
D30200680,2022-08-08,5
D30200680,2022-08-10,10
D30200680,2022-08-13,13
D30200680,2022-08-15,3
D30200680,2022-08-17,10
D30200680,2022-08-19,3
D30200680,2022-08-22,12
D30200680,2022-08-24,7
D30200680,2022-08-26,27
D30200680,2022-08-29,4
D30200680,2022-08-30,6
D30200680,2022-09-01,1
D30200680,2022-09-02,7
D30200680,2022-09-07,9
D30200680,2022-09-09,12
D30200680,2022-09-11,6
D30200680,2022-09-13,12
D30200680,2022-09-15,12
D30200680,2022-09-17,10
D30200680,2022-09-19,11
D30200680,2022-09-21,16
D30200680,2022-09-23,13
D30200680,2022-09-26,1
D30200680,2022-09-28,11
D30200680,2022-09-29,10
D30200680,2022-10-01,31
D30200680,2022-10-06,10
D30200680,2022-10-08,13
D30200680,2022-10-10,7
D30200680,2022-10-12,8
D30200680,2022-10-14,10
D30200680,2022-10-17,4
D30200680,2022-10-19,3
D30200680,2022-10-21,3
D30200680,2022-10-28,3
D30200680,2022-10-30,6
D30200680,2022-11-01,10
D30200680,2022-11-03,15
D30200680,2022-11-05,14
D30200680,2022-11-07,16
D30200680,2022-11-09,6
D30200680,2022-11-11,9
D30200680,2022-11-13,5
D30200680,2022-11-15,2
D30200680,2022-11-17,2
D30200680,2022-11-21,8
D30200680,2022-11-23,9
D30200680,2022-11-25,19
D30200680,2022-11-27,2
D30200680,2022-11-29,2
D30200680,2022-12-01,3
D30200680,2022-12-05,18
D30200680,2022-12-07,13
D30200680,2022-12-09,11
D30200680,2022-12-12,15
D30200680,2022-12-14,3
D30200680,2022-12-16,7
D30200680,2022-12-19,5
D30200680,2022-12-21,10
D30200680,2022-12-23,4
D30200680,2022-12-28,17
D30200680,2023-01-02,9
D30200680,2023-01-04,2
D30200680,2023-01-05,9
D30200680,2023-01-09,28
D30200680,2023-01-11,7
D30200680,2023-01-13,15
D30200680,2023-01-16,1
D30200680,2023-01-18,3
D30200680,2023-01-28,7
D30200680,2023-01-30,8
D30200680,2023-02-01,14
D30200680,2023-02-03,26
D30200680,2023-02-06,9
D30200680,2023-02-08,6
D30200680,2023-02-10,6
D30200680,2023-02-15,2
D30200680,2023-02-17,19
D30200680,2023-02-20,19
D30200680,2023-02-22,13
D30200680,2023-02-24,14
D30200680,2023-02-27,4
D30200680,2023-03-01,4
D30200680,2023-03-03,4
D30200680,2023-03-06,2
D30200680,2023-03-08,9
D30200680,2023-03-10,29
D30200680,2023-03-13,6
D30200680,2023-03-15,11
D30200680,2023-03-17,6
D30200680,2023-03-20,2
D30200680,2023-03-21,4
D30200680,2023-03-23,20
D30200680,2023-03-25,20
D30200680,2023-03-28,15
D30200680,2023-03-30,17
D30200680,2023-04-01,12
D30200680,2023-04-06,4
D30200680,2023-04-08,10
D30200680,2023-04-12,9
D30200680,2023-04-14,12
D30200680,2023-04-17,3
D30200680,2023-04-19,11
D30200680,2023-04-21,14
D30200680,2023-04-23,8
D30200680,2023-04-27,9
D30200680,2023-04-29,8
D30200680,2023-05-02,8
D30200680,2023-05-04,7
D30200680,2023-05-06,2
D30200680,2023-05-08,5
D30200680,2023-05-10,15
D30200680,2023-05-12,21
D30200680,2023-05-15,14
D30200680,2023-05-17,17
D30200680,2023-05-19,20
D30200680,2023-05-24,16
D30200680,2023-05-26,4
D30200680,2023-05-29,12
D30200680,2023-05-30,3
D30200680,2023-06-01,3
D30200680,2023-06-03,26
D30200680,2023-06-07,12
D30200680,2023-06-09,14
D30200680,2023-06-12,4
D30200680,2023-06-14,18
D30200680,2023-06-16,16
D30200680,2023-06-19,7
D30200680,2023-06-21,10
D30200680,2023-06-27,2
D30200680,2023-07-01,13
D30200680,2023-07-05,15
D30200680,2023-07-07,24
D30200680,2023-07-10,9
D30200680,2023-07-12,4
D30200680,2023-07-14,16
D30200680,2023-07-17,19
D30200680,2023-07-19,12
D30200680,2023-07-21,17
D30200680,2023-07-24,6
D30200680,2023-07-26,4
D30200680,2023-07-30,15
D30200680,2023-08-03,10
D30200680,2023-08-07,15
D30200680,2023-08-09,18
D30200680,2023-08-11,20
D30200680,2023-08-14,10
D30200680,2023-08-16,3
D30200680,2023-08-18,14
D30200680,2023-08-21,9
D30200680,2023-08-23,9
D30200680,2023-08-25,36
D30200680,2023-08-28,13
D30200680,2023-08-30,18
D30200680,2023-09-01,18
D30200680,2023-09-03,16
D30200680,2023-09-05,10
D30200680,2023-09-07,9
D30200680,2023-09-11,16
D30200680,2023-09-13,4
D30200680,2023-09-15,8
D30200680,2023-09-17,7
D30200680,2023-09-19,8
D30200680,2023-09-21,7
D30200680,2023-09-23,15
D30200680,2023-09-27,9
D30200680,2023-10-02,15
D30200680,2023-10-06,9
D30200680,2023-10-08,6
D30200680,2023-10-09,3
D30200680,2023-10-12,8
D30200680,2023-10-16,28
D30200680,2023-10-18,3
D30200680,2023-10-20,2
D30200680,2023-10-22,8
D30200680,2023-10-24,10
D30200680,2023-10-26,9
D30200680,2023-10-30,11
D30200717,2022-01-03,10
D30200717,2022-02-07,18
D30200717,2022-02-17,25
D30200717,2022-02-19,36
D30200717,2022-02-21,21
D30200717,2022-02-23,29
D30200717,2022-02-25,27
D30200717,2022-02-27,14
D30200717,2022-03-01,15
D30200717,2022-03-03,18
D30200717,2022-03-05,29
D30200717,2022-03-07,32
D30200717,2022-03-09,15
D30200717,2022-03-11,29
D30200717,2022-03-13,19
D30200717,2022-03-15,16
D30200717,2022-03-17,19
D30200717,2022-03-19,41
D30200717,2022-03-21,45
D30200717,2022-03-23,40
D30200717,2022-03-25,20
D30200717,2022-03-26,12
D30200717,2022-03-28,32
D30200717,2022-03-30,24
D30200717,2022-04-01,24
D30200717,2022-05-18,7
D30200717,2022-05-20,22
D30200717,2022-05-23,4
D30200717,2022-05-25,16
D30200717,2022-05-27,18
D30200717,2022-05-30,1
D30200717,2022-06-01,11
D30200717,2022-06-04,16
D30200717,2022-06-06,10
D30200717,2022-06-08,31
D30200717,2022-06-10,28
D30200717,2022-06-12,20
D30200717,2022-06-14,20
D30200717,2022-06-16,18
D30200717,2022-06-18,23
D30200717,2022-06-20,20
D30200717,2022-06-22,10
D30200717,2022-06-24,39
D30200717,2022-06-27,10
D30200717,2022-06-29,15
D30200717,2022-07-01,37
D30200717,2022-07-03,7
D30200717,2022-07-05,24
D30200717,2022-07-07,19
D30200717,2022-07-09,22
D30200717,2022-07-11,25
D30200717,2022-07-13,26
D30200717,2022-07-15,59
D30200717,2022-07-18,19
D30200717,2022-07-20,19
D30200717,2022-07-22,28
D30200717,2022-07-25,11
D30200717,2022-07-27,21
D30200717,2022-07-29,36
D30200717,2022-08-01,13
D30200717,2022-08-03,23
D30200717,2022-08-05,52
D30200717,2022-08-08,14
D30200717,2022-08-10,23
D30200717,2022-08-13,34
D30200717,2022-08-15,30
D30200717,2022-08-17,39
D30200717,2022-08-19,38
D30200717,2022-08-22,23
D30200717,2022-08-24,21
D30200717,2022-08-26,34
D30200717,2022-08-29,27
D30200717,2022-08-30,9
D30200717,2022-09-01,13
D30200717,2022-09-02,39
D30200717,2022-09-05,26
D30200717,2022-09-07,36
D30200717,2022-09-09,28
D30200717,2022-09-11,22
D30200717,2022-09-13,31
D30200717,2022-09-15,32
D30200717,2022-09-17,29
D30200717,2022-09-19,38
D30200717,2022-09-21,26
D30200717,2022-09-23,62
D30200717,2022-09-26,26
D30200717,2022-09-28,26
D30200717,2022-09-29,15
D30200717,2022-10-01,51
D30200717,2022-10-06,19
D30200717,2022-10-08,26
D30200717,2022-10-10,25
D30200717,2022-10-12,31
D30200717,2022-10-14,17
D30200717,2022-10-19,10
D30200717,2022-11-09,35
D30200717,2022-11-11,22
D30200717,2022-11-13,31
D30200717,2022-11-15,8
D30200717,2022-11-17,20
D30200717,2022-11-19,23
D30200717,2022-11-21,18
D30200717,2022-11-23,30
D30200717,2022-11-25,22
D30200717,2022-11-27,19
D30200717,2022-11-29,5
D30200717,2022-12-01,23
D30200717,2022-12-05,34
D30200717,2022-12-28,2
D30200717,2023-01-02,22
D30200717,2023-01-04,23
D30200717,2023-01-05,16
D30200717,2023-01-09,50
D30200717,2023-01-11,26
D30200717,2023-01-13,43
D30200717,2023-01-16,16
D30200717,2023-01-18,38
D30200717,2023-01-28,21
D30200717,2023-01-30,18
D30200717,2023-02-01,25
D30200717,2023-03-01,7
D30200717,2023-03-03,42
D30200717,2023-03-06,7
D30200717,2023-03-08,23
D30200717,2023-03-10,47
D30200717,2023-03-13,15
D30200717,2023-03-15,15
D30200717,2023-03-17,36
D30200717,2023-03-20,7
D30200717,2023-03-21,1
D30200717,2023-03-23,27
D30200717,2023-03-25,33
D30200717,2023-03-28,9
D30200717,2023-03-30,7
D30200717,2023-04-29,24
D30200717,2023-05-02,21
D30200717,2023-05-04,32
D30200717,2023-05-06,19
D30200717,2023-05-08,14
D30200717,2023-05-10,19
D30200717,2023-05-12,40
D30200717,2023-05-15,9
D30200717,2023-05-17,25
D30200717,2023-05-19,47
D30200717,2023-05-24,21
D30200717,2023-05-26,17
D30200717,2023-05-29,15
D30200717,2023-05-30,7
D30200717,2023-06-01,5
D30200717,2023-06-03,29
D30200717,2023-06-07,2
D30200717,2023-06-09,15
D30200717,2023-06-14,5
D30200717,2023-06-16,25
D30200717,2023-06-19,9
D30200717,2023-06-21,21
D30200717,2023-06-27,1
D30200717,2023-07-05,2
D30200717,2023-07-07,15
D30200717,2023-07-10,6
D30200717,2023-07-12,7
D30200717,2023-07-14,21
D30200717,2023-07-17,2
D30200717,2023-07-19,10
D30200717,2023-07-21,5
D30200717,2023-07-24,8
D30200717,2023-07-26,8
D30200717,2023-07-30,4
D30200717,2023-08-03,7
D30200717,2023-08-07,16
D30200717,2023-08-09,8
D30200717,2023-08-11,11
D30200717,2023-08-16,7
D30200717,2023-08-18,15
D30200717,2023-08-21,3
D30200717,2023-08-23,11
D30200717,2023-08-25,19
D30200717,2023-08-28,3
D30200717,2023-09-01,24
D30200717,2023-09-03,16
D30200717,2023-09-05,8
D30200717,2023-09-07,8
D30200717,2023-09-11,23
D30200717,2023-09-15,9
D30200717,2023-09-17,18
D30200717,2023-09-21,10
D30200717,2023-09-23,22
D30200717,2023-09-27,2
D30200717,2023-10-02,17
D30200717,2023-10-06,7
D30200717,2023-10-08,16
D30200717,2023-10-09,10
D30200717,2023-10-12,23
D30200717,2023-10-16,51
D30200717,2023-10-18,7
D30200717,2023-10-20,3
D30200717,2023-10-22,14
D30200717,2023-10-23,10
D30200717,2023-10-24,11
D30200717,2023-10-26,16
D30200717,2023-10-30,21
UMM30200190,2022-01-01,64
UMM30200190,2022-01-03,65
UMM30200190,2022-01-05,67
UMM30200190,2022-01-07,92
UMM30200190,2022-01-09,56
UMM30200190,2022-01-11,57
UMM30200190,2022-01-13,60
UMM30200190,2022-01-15,77
UMM30200190,2022-01-17,64
UMM30200190,2022-01-19,56
UMM30200190,2022-01-21,48
UMM30200190,2022-01-23,54
UMM30200190,2022-01-25,69
UMM30200190,2022-01-27,72
UMM30200190,2022-01-29,83
UMM30200190,2022-02-01,32
UMM30200190,2022-02-03,42
UMM30200190,2022-02-05,60
UMM30200190,2022-02-07,57
UMM30200190,2022-02-09,80
UMM30200190,2022-02-11,70
UMM30200190,2022-02-13,69
UMM30200190,2022-02-15,64
UMM30200190,2022-02-17,52
UMM30200190,2022-02-19,61
UMM30200190,2022-02-21,54
UMM30200190,2022-02-23,51
UMM30200190,2022-02-25,23
UMM30200190,2022-02-27,21
UMM30200190,2022-03-01,43
UMM30200190,2022-03-03,34
UMM30200190,2022-03-05,39
UMM30200190,2022-03-07,72
UMM30200190,2022-03-09,53
UMM30200190,2022-03-11,42
UMM30200190,2022-03-13,59
UMM30200190,2022-03-15,54
UMM30200190,2022-03-17,60
UMM30200190,2022-03-19,69
UMM30200190,2022-03-21,53
UMM30200190,2022-03-23,48
UMM30200190,2022-03-25,26
UMM30200190,2022-03-26,47
UMM30200190,2022-03-28,17
UMM30200190,2022-03-30,25
UMM30200190,2022-04-01,40
UMM30200190,2022-04-03,36
UMM30200190,2022-04-06,42
UMM30200190,2022-04-08,35
UMM30200190,2022-04-10,16
UMM30200190,2022-04-12,27
UMM30200190,2022-04-14,33
UMM30200190,2022-04-19,25
UMM30200190,2022-04-22,34
UMM30200190,2022-04-26,41
UMM30200190,2022-04-28,82
UMM30200190,2022-05-02,88
UMM30200190,2022-05-05,44
UMM30200190,2022-05-07,37
UMM30200190,2022-05-09,59
UMM30200190,2022-05-11,58
UMM30200190,2022-05-13,104
UMM30200190,2022-05-16,59
UMM30200190,2022-05-18,55
UMM30200190,2022-05-20,62
UMM30200190,2022-05-23,61
UMM30200190,2022-05-25,43
UMM30200190,2022-05-27,26
UMM30200190,2022-05-30,16
UMM30200190,2022-06-01,75
UMM30200190,2022-06-04,46
UMM30200190,2022-06-06,55
UMM30200190,2022-06-08,53
UMM30200190,2022-06-10,64
UMM30200190,2022-06-12,79
UMM30200190,2022-06-14,62
UMM30200190,2022-06-16,24
UMM30200190,2022-06-18,22
UMM30200190,2022-06-20,54
UMM30200190,2022-06-22,24
UMM30200190,2022-06-24,61
UMM30200190,2022-06-27,29
UMM30200190,2022-06-29,44
UMM30200190,2022-07-01,62
UMM30200190,2022-07-03,34
UMM30200190,2022-07-05,37
UMM30200190,2022-07-07,46
UMM30200190,2022-07-09,59
UMM30200190,2022-07-11,55
UMM30200190,2022-07-13,48
UMM30200190,2022-07-15,71
UMM30200190,2022-07-18,38
UMM30200190,2022-07-20,30
UMM30200190,2022-07-22,65
UMM30200190,2022-07-25,24
UMM30200190,2022-07-27,39
UMM30200190,2022-07-29,9
UMM30200190,2022-08-01,53
UMM30200190,2022-08-03,53
UMM30200190,2022-08-05,95
UMM30200190,2022-08-08,67
UMM30200190,2022-08-10,64
UMM30200190,2022-08-13,29
UMM30200190,2022-08-15,56
UMM30200190,2022-08-17,34
UMM30200190,2022-08-19,86
UMM30200190,2022-08-22,61
UMM30200190,2022-08-24,51
UMM30200190,2022-08-26,98
UMM30200190,2022-08-29,61
UMM30200190,2022-08-30,29
UMM30200190,2022-09-01,22
UMM30200190,2022-09-02,106
UMM30200190,2022-09-05,72
UMM30200190,2022-09-07,72
UMM30200190,2022-09-09,50
UMM30200190,2022-09-11,32
UMM30200190,2022-09-13,41
UMM30200190,2022-09-15,68
UMM30200190,2022-09-17,49
UMM30200190,2022-09-19,50
UMM30200190,2022-09-21,80
UMM30200190,2022-09-23,96
UMM30200190,2022-09-26,55
UMM30200190,2022-09-28,31
UMM30200190,2022-09-29,57
UMM30200190,2022-10-01,47
UMM30200190,2022-10-06,68
UMM30200190,2022-10-08,67
UMM30200190,2022-10-10,58
UMM30200190,2022-10-12,61
UMM30200190,2022-10-14,109
UMM30200190,2022-10-17,63
UMM30200190,2022-10-19,65
UMM30200190,2022-10-21,72
UMM30200190,2022-10-24,45
UMM30200190,2022-10-26,47
UMM30200190,2022-10-28,43
UMM30200190,2022-10-30,22
UMM30200190,2022-11-01,58
UMM30200190,2022-11-03,67
UMM30200190,2022-11-05,75
UMM30200190,2022-11-07,84
UMM30200190,2022-11-09,62
UMM30200190,2022-11-11,72
UMM30200190,2022-11-13,32
UMM30200190,2022-11-15,29
UMM30200190,2022-11-17,26
UMM30200190,2022-11-19,28
UMM30200190,2022-11-21,53
UMM30200190,2022-11-23,60
UMM30200190,2022-11-25,70
UMM30200190,2022-11-27,16
UMM30200190,2022-11-29,14
UMM30200190,2022-12-01,76
UMM30200190,2022-12-05,130
UMM30200190,2022-12-07,56
UMM30200190,2022-12-09,43
UMM30200190,2022-12-12,62
UMM30200190,2022-12-14,68
UMM30200190,2022-12-16,67
UMM30200190,2022-12-19,55
UMM30200190,2022-12-21,39
UMM30200190,2022-12-23,66
UMM30200190,2022-12-26,10
UMM30200190,2022-12-28,58
UMM30200190,2023-01-02,78
UMM30200190,2023-01-04,30
UMM30200190,2023-01-05,80
UMM30200190,2023-01-09,136
UMM30200190,2023-01-11,58
UMM30200190,2023-01-13,60
UMM30200190,2023-01-16,26
UMM30200190,2023-01-18,28
UMM30200190,2023-01-28,23
UMM30200190,2023-01-30,61
UMM30200190,2023-02-01,45
UMM30200190,2023-02-03,99
UMM30200190,2023-02-06,38
UMM30200190,2023-02-08,76
UMM30200190,2023-02-10,115
UMM30200190,2023-02-13,55
UMM30200190,2023-02-15,38
UMM30200190,2023-02-17,91
UMM30200190,2023-02-20,75
UMM30200190,2023-02-22,67
UMM30200190,2023-02-24,53
UMM30200190,2023-02-27,10
UMM30200190,2023-03-01,43
UMM30200190,2023-03-03,92
UMM30200190,2023-03-06,58
UMM30200190,2023-03-08,58
UMM30200190,2023-03-10,71
UMM30200190,2023-03-13,58
UMM30200190,2023-03-15,43
UMM30200190,2023-03-17,83
UMM30200190,2023-03-20,56
UMM30200190,2023-03-21,27
UMM30200190,2023-03-23,56
UMM30200190,2023-03-25,21
UMM30200190,2023-03-28,30
UMM30200190,2023-03-30,29
UMM30200190,2023-04-01,88
UMM30200190,2023-04-06,58
UMM30200190,2023-04-08,84
UMM30200190,2023-04-12,50
UMM30200190,2023-04-14,59
UMM30200190,2023-04-17,36
UMM30200190,2023-04-19,70
UMM30200190,2023-04-21,51
UMM30200190,2023-04-23,52
UMM30200190,2023-04-25,56
UMM30200190,2023-04-27,39
UMM30200190,2023-04-29,22
UMM30200190,2023-05-02,61
UMM30200190,2023-05-04,70
UMM30200190,2023-05-06,57
UMM30200190,2023-05-08,45
UMM30200190,2023-05-10,57
UMM30200190,2023-05-12,56
UMM30200190,2023-05-15,60
UMM30200190,2023-05-17,37
UMM30200190,2023-05-19,128
UMM30200190,2023-05-24,69
UMM30200190,2023-05-26,90
UMM30200190,2023-05-29,24
UMM30200190,2023-05-30,45
UMM30200190,2023-06-01,80
UMM30200190,2023-06-03,115
UMM30200190,2023-06-07,66
UMM30200190,2023-06-09,79
UMM30200190,2023-06-12,51
UMM30200190,2023-06-14,41
UMM30200190,2023-06-16,79
UMM30200190,2023-06-19,36
UMM30200190,2023-06-21,64
UMM30200190,2023-06-27,43
UMM30200190,2023-06-29,64
UMM30200190,2023-07-01,107
UMM30200190,2023-07-05,60
UMM30200190,2023-07-07,107
UMM30200190,2023-07-10,96
UMM30200190,2023-07-12,58
UMM30200190,2023-07-14,87
UMM30200190,2023-07-17,58
UMM30200190,2023-07-19,37
UMM30200190,2023-07-21,76
UMM30200190,2023-07-24,36
UMM30200190,2023-07-26,37
UMM30200190,2023-07-28,61
UMM30200190,2023-07-30,52
UMM30200190,2023-08-03,49
UMM30200190,2023-08-07,117
UMM30200190,2023-08-09,62
UMM30200190,2023-08-11,77
UMM30200190,2023-08-14,47
UMM30200190,2023-08-16,34
UMM30200190,2023-08-18,95
UMM30200190,2023-08-21,54
UMM30200190,2023-08-23,72
UMM30200190,2023-08-25,78
UMM30200190,2023-08-28,29
UMM30200190,2023-08-30,58
UMM30200190,2023-09-01,69
UMM30200190,2023-09-03,57
UMM30200190,2023-09-05,49
UMM30200190,2023-09-07,68
UMM30200190,2023-09-11,89
UMM30200190,2023-09-13,57
UMM30200190,2023-09-15,64
UMM30200190,2023-09-17,63
UMM30200190,2023-09-19,44
UMM30200190,2023-09-21,43
UMM30200190,2023-09-23,115
UMM30200190,2023-09-27,79
UMM30200190,2023-09-30,20
UMM30200190,2023-10-02,84
UMM30200190,2023-10-06,65
UMM30200190,2023-10-08,63
UMM30200190,2023-10-09,60
UMM30200190,2023-10-12,52
UMM30200190,2023-10-16,85
UMM30200190,2023-10-17,80
UMM30200190,2023-10-18,50
UMM30200190,2023-10-20,39
UMM30200190,2023-10-22,58
UMM30200190,2023-10-24,64
UMM30200190,2023-10-26,64
UMM30200190,2023-10-30,107
UMM30200190,2023-10-31,80
UMM30200632,2022-01-15,6
UMM30200632,2022-01-17,16
UMM30200632,2022-01-19,34
UMM30200632,2022-01-21,18
UMM30200632,2022-01-23,20
UMM30200632,2022-01-25,20
UMM30200632,2022-01-27,10
UMM30200632,2022-02-03,26
UMM30200632,2022-02-05,20
UMM30200632,2022-02-07,20
UMM30200632,2022-02-09,46
UMM30200632,2022-02-11,88
UMM30200632,2022-02-13,112
UMM30200632,2022-02-15,76
UMM30200632,2022-02-17,30
UMM30200632,2022-02-19,56
UMM30200632,2022-02-21,56
UMM30200632,2022-02-23,150
UMM30200632,2022-02-25,42
UMM30200632,2022-02-27,12
UMM30200632,2022-03-01,50
UMM30200632,2022-03-03,50
UMM30200632,2022-03-05,60
UMM30200632,2022-03-07,64
UMM30200632,2022-03-09,62
UMM30200632,2022-03-11,80
UMM30200632,2022-03-13,68
UMM30200632,2022-03-15,74
UMM30200632,2022-03-17,78
UMM30200632,2022-03-19,160
UMM30200632,2022-03-21,96
UMM30200632,2022-03-23,94
UMM30200632,2022-03-25,14
UMM30200632,2022-03-26,54
UMM30200632,2022-03-28,22
UMM30200632,2022-03-30,24
UMM30200632,2022-04-01,46
UMM30200632,2022-04-03,82
UMM30200632,2022-04-06,100
UMM30200632,2022-04-08,62
UMM30200632,2022-04-10,50
UMM30200632,2022-04-12,44
UMM30200632,2022-04-14,52
UMM30200632,2022-04-19,92
UMM30200632,2022-04-22,166
UMM30200632,2022-04-26,96
UMM30200632,2022-04-28,134
UMM30200632,2022-05-02,110
UMM30200632,2022-05-05,64
UMM30200632,2022-05-07,70
UMM30200632,2022-05-09,80
UMM30200632,2022-05-11,88
UMM30200632,2022-05-13,114
UMM30200632,2022-05-16,88
UMM30200632,2022-05-18,144
UMM30200632,2022-05-20,140
UMM30200632,2022-05-23,66
UMM30200632,2022-05-25,80
UMM30200632,2022-05-27,98
UMM30200632,2022-05-30,32
UMM30200632,2022-06-01,116
UMM30200632,2022-06-04,104
UMM30200632,2022-06-06,108
UMM30200632,2022-06-08,104
UMM30200632,2022-06-10,98
UMM30200632,2022-06-12,140
UMM30200632,2022-06-14,92
UMM30200632,2022-06-16,68
UMM30200632,2022-06-18,46
UMM30200632,2022-06-20,72
UMM30200632,2022-06-22,10
UMM30200632,2022-06-24,122
UMM30200632,2022-06-27,76
UMM30200632,2022-06-29,120
UMM30200632,2022-07-01,160
UMM30200632,2022-07-03,46
UMM30200632,2022-07-05,152
UMM30200632,2022-07-07,188
UMM30200632,2022-07-09,150
UMM30200632,2022-07-11,164
UMM30200632,2022-07-13,142
UMM30200632,2022-07-15,264
UMM30200632,2022-07-16,20
UMM30200632,2022-07-18,136
UMM30200632,2022-07-20,80
UMM30200632,2022-07-22,138
UMM30200632,2022-07-25,116
UMM30200632,2022-07-27,154
UMM30200632,2022-07-29,118
UMM30200632,2022-08-01,94
UMM30200632,2022-08-03,164
UMM30200632,2022-08-05,208
UMM30200632,2022-08-08,92
UMM30200632,2022-08-10,128
UMM30200632,2022-08-13,144
UMM30200632,2022-08-15,102
UMM30200632,2022-08-17,94
UMM30200632,2022-08-19,190
UMM30200632,2022-08-22,96
UMM30200632,2022-08-24,122
UMM30200632,2022-08-26,208
UMM30200632,2022-08-29,74
UMM30200632,2022-08-30,62
UMM30200632,2022-09-01,40
UMM30200632,2022-09-02,188
UMM30200632,2022-09-05,124
UMM30200632,2022-09-07,36
UMM30200632,2022-09-09,46
UMM30200632,2022-09-11,70
UMM30200632,2022-09-13,122
UMM30200632,2022-09-15,138
UMM30200632,2022-09-17,88
UMM30200632,2022-09-19,136
UMM30200632,2022-09-21,124
UMM30200632,2022-09-23,216
UMM30200632,2022-09-26,154
UMM30200632,2022-09-28,100
UMM30200632,2022-09-29,166
UMM30200632,2022-10-01,170
UMM30200632,2022-10-06,90
UMM30200632,2022-10-08,122
UMM30200632,2022-10-10,66
UMM30200632,2022-10-12,62
UMM30200632,2022-10-14,140
UMM30200632,2022-10-17,54
UMM30200632,2022-10-19,118
UMM30200632,2022-10-21,158
UMM30200632,2022-10-24,92
UMM30200632,2022-10-26,88
UMM30200632,2022-10-28,92
UMM30200632,2022-10-30,44
UMM30200632,2022-11-01,150
UMM30200632,2022-11-03,138
UMM30200632,2022-11-05,82
UMM30200632,2022-11-07,94
UMM30200632,2022-11-09,102
UMM30200632,2022-11-11,80
UMM30200632,2022-11-13,34
UMM30200632,2022-11-15,50
UMM30200632,2022-11-17,44
UMM30200632,2022-11-19,64
UMM30200632,2022-11-21,60
UMM30200632,2022-11-23,90
UMM30200632,2022-11-25,80
UMM30200632,2022-11-27,56
UMM30200632,2022-12-01,92
UMM30200632,2022-12-05,224
UMM30200632,2022-12-07,98
UMM30200632,2022-12-09,94
UMM30200632,2022-12-12,88
UMM30200632,2022-12-14,52
UMM30200632,2022-12-16,74
UMM30200632,2022-12-19,120
UMM30200632,2022-12-21,108
UMM30200632,2022-12-23,180
UMM30200632,2022-12-26,14
UMM30200632,2022-12-28,150
UMM30200632,2023-01-02,134
UMM30200632,2023-01-04,62
UMM30200632,2023-01-05,156
UMM30200632,2023-01-09,238
UMM30200632,2023-01-11,90
UMM30200632,2023-01-13,116
UMM30200632,2023-01-16,60
UMM30200632,2023-01-18,134
UMM30200632,2023-01-28,86
UMM30200632,2023-01-30,94
UMM30200632,2023-02-01,152
UMM30200632,2023-02-03,244
UMM30200632,2023-02-06,120
UMM30200632,2023-02-08,86
UMM30200632,2023-02-10,140
UMM30200632,2023-02-13,108
UMM30200632,2023-02-15,104
UMM30200632,2023-02-17,202
UMM30200632,2023-02-20,120
UMM30200632,2023-02-22,114
UMM30200632,2023-02-24,160
UMM30200632,2023-02-27,84
UMM30200632,2023-03-01,50
UMM30200632,2023-03-03,172
UMM30200632,2023-03-06,60
UMM30200632,2023-03-08,136
UMM30200632,2023-03-10,198
UMM30200632,2023-03-13,140
UMM30200632,2023-03-15,116
UMM30200632,2023-03-17,130
UMM30200632,2023-03-20,40
UMM30200632,2023-03-21,44
UMM30200632,2023-03-23,82
UMM30200632,2023-03-25,46
UMM30200632,2023-03-28,46
UMM30200632,2023-03-30,18
UMM30200632,2023-04-01,184
UMM30200632,2023-04-06,106
UMM30200632,2023-04-08,186
UMM30200632,2023-04-12,118
UMM30200632,2023-04-14,134
UMM30200632,2023-04-17,66
UMM30200632,2023-04-19,98
UMM30200632,2023-04-21,120
UMM30200632,2023-04-23,110
UMM30200632,2023-04-25,88
UMM30200632,2023-04-27,8
UMM30200632,2023-04-29,16
UMM30200632,2023-05-02,48
UMM30200632,2023-05-04,84
UMM30200632,2023-05-06,84
UMM30200632,2023-05-08,76
UMM30200632,2023-05-10,128
UMM30200632,2023-05-12,204
UMM30200632,2023-05-15,138
UMM30200632,2023-05-17,114
UMM30200632,2023-05-19,208
UMM30200632,2023-05-24,106
UMM30200632,2023-05-26,152
UMM30200632,2023-05-29,18
UMM30200632,2023-05-30,48
UMM30200632,2023-06-01,106
UMM30200632,2023-06-03,266
UMM30200632,2023-06-07,110
UMM30200632,2023-06-09,94
UMM30200632,2023-06-12,68
UMM30200632,2023-06-14,138
UMM30200632,2023-06-16,160
UMM30200632,2023-06-19,106
UMM30200632,2023-06-21,128
UMM30200632,2023-06-27,110
UMM30200632,2023-06-29,82
UMM30200632,2023-07-01,164
UMM30200632,2023-07-05,102
UMM30200632,2023-07-07,170
UMM30200632,2023-07-10,158
UMM30200632,2023-07-12,166
UMM30200632,2023-07-14,222
UMM30200632,2023-07-17,110
UMM30200632,2023-07-19,60
UMM30200632,2023-07-21,206
UMM30200632,2023-07-24,104
UMM30200632,2023-07-26,80
UMM30200632,2023-07-28,98
UMM30200632,2023-07-30,78
UMM30200632,2023-08-03,142
UMM30200632,2023-08-07,144
UMM30200632,2023-08-09,112
UMM30200632,2023-08-11,180
UMM30200632,2023-08-14,90
UMM30200632,2023-08-16,150
UMM30200632,2023-08-18,202
UMM30200632,2023-08-21,96
UMM30200632,2023-08-23,104
UMM30200632,2023-08-25,184
UMM30200632,2023-08-28,92
UMM30200632,2023-08-30,140
UMM30200632,2023-09-01,160
UMM30200632,2023-09-03,156
UMM30200632,2023-09-05,156
UMM30200632,2023-09-07,156
UMM30200632,2023-09-11,234
UMM30200632,2023-09-13,96
UMM30200632,2023-09-15,90
UMM30200632,2023-09-17,108
UMM30200632,2023-09-19,90
UMM30200632,2023-09-21,18
UMM30200632,2023-09-23,24
UMM30200632,2023-09-27,20
UMM30200632,2023-09-30,18
UMM30200632,2023-10-02,12
UMM30200632,2023-10-17,22
UMM30200632,2023-10-20,72
UMM30200632,2023-10-22,76
UMM30200632,2023-10-24,62
UMM30200632,2023-10-26,90
UMM30200632,2023-10-30,266
